timestamp,time,energy,avg_power
2019-05-16 16:07:40,2.87044047619,0.0436841907237,0.0152186366817
2019-05-16 16:07:45,2.87038095238,0.0436928126398,0.0152219560277
2019-05-16 16:07:50,2.87030952381,0.0436845557072,0.0152194581612
2019-05-16 16:07:55,2.8710952381,0.0436847089814,0.0152153465346
2019-05-16 16:07:59,2.87060714286,0.0436759962348,0.0152148984731
2019-05-16 16:08:04,2.87063095238,0.0437028159139,0.01522411506
2019-05-16 16:08:09,2.87060714286,0.0436930191384,0.0152208285439
2019-05-16 16:08:14,2.86969047619,0.0436847820305,0.0152228201588
2019-05-16 16:08:18,2.86813095238,0.0437009273926,0.0152367266761
2019-05-16 16:08:23,2.86811904762,0.0437071370293,0.0152389549749
2019-05-16 16:08:28,2.76180952381,0.0435070543801,0.0157530973824
2019-05-16 16:08:32,2.76201190476,0.0435169148422,0.0157555131342
2019-05-16 16:08:37,2.76282142857,0.0435255170667,0.0157540102363
2019-05-16 16:08:42,2.76205952381,0.0435051773949,0.0157509919753
2019-05-16 16:08:46,2.7615,0.0435120900929,0.015756686617
2019-05-16 16:08:51,2.7613452381,0.0435113451774,0.0157572999483
2019-05-16 16:08:56,2.7611547619,0.0435109845348,0.0157582563408
2019-05-16 16:09:00,2.76145238095,0.0435136704428,0.0157575306179
2019-05-16 16:09:05,2.7621547619,0.0434905146847,0.015745140455
2019-05-16 16:09:10,2.76066666667,0.0435106094999,0.0157609066046
2019-05-16 16:09:14,2.75902380952,0.043609081218,0.0158059821983
2019-05-16 16:09:19,2.75952380952,0.0436206299018,0.0158073033294
2019-05-16 16:09:24,2.75908333333,0.0436087007727,0.0158055033155
2019-05-16 16:09:28,2.75891666667,0.0436135878769,0.0158082295141
2019-05-16 16:09:33,2.75897619048,0.0436263033202,0.0158124972121
2019-05-16 16:09:38,2.75842857143,0.0436098801642,0.015809682591
2019-05-16 16:09:42,2.75744047619,0.0435944180281,0.015809740375
2019-05-16 16:09:47,2.75723809524,0.0436281138317,0.0158231216619
2019-05-16 16:09:52,2.75847619048,0.0435982243519,0.0158051842182
2019-05-16 16:09:56,2.75789285714,0.0436239823769,0.0158178669864
2019-05-16 16:10:01,2.75294047619,0.0435997741347,0.0158375288212
2019-05-16 16:10:05,2.75270238095,0.0436188783334,0.015845838851
2019-05-16 16:10:10,2.75075,0.0435633852556,0.0158369118443
2019-05-16 16:10:15,2.75138095238,0.0435933336901,0.0158441649647
2019-05-16 16:10:19,2.75219047619,0.0435938928838,0.0158397077749
2019-05-16 16:10:24,2.75158333333,0.0435992236882,0.0158451401998
2019-05-16 16:10:29,2.75139285714,0.0435851083785,0.0158411069017
2019-05-16 16:10:33,2.75067857143,0.0436037413525,0.0158519944153
2019-05-16 16:10:38,2.75020238095,0.0435815012601,0.0158466524362
2019-05-16 16:10:43,2.74978571429,0.0435983271193,0.0158551726023
2019-05-16 16:10:47,2.72986904762,0.0435635698789,0.0159581170814
2019-05-16 16:10:52,2.73004761905,0.043553392091,0.0159533452044
2019-05-16 16:10:56,2.72853571429,0.043550103242,0.015960979735
2019-05-16 16:11:01,2.72729761905,0.0435532270716,0.0159693708407
2019-05-16 16:11:06,2.72708333333,0.0435644467149,0.0159747398191
2019-05-16 16:11:10,2.7270952381,0.0435384555118,0.0159651393555
2019-05-16 16:11:15,2.72686904762,0.0435218145086,0.0159603610399
2019-05-16 16:11:20,2.72701190476,0.0435675077796,0.0159762807429
2019-05-16 16:11:24,2.72507142857,0.043524489594,0.0159718710995
2019-05-16 16:11:29,2.72478571429,0.0435239495634,0.0159733476784
2019-05-16 16:11:33,2.71253571429,0.0435590072055,0.016058408734
2019-05-16 16:11:38,2.71297619048,0.0436064472154,0.0160732878411
2019-05-16 16:11:43,2.71288095238,0.0435699842715,0.0160604114358
2019-05-16 16:11:47,2.71226190476,0.0435769640134,0.0160666504724
2019-05-16 16:11:52,2.71227380952,0.0435537659458,0.0160580269561
2019-05-16 16:11:56,2.71222619048,0.0435848899867,0.016069784349
2019-05-16 16:12:01,2.712,0.0435692195484,0.0160653464411
2019-05-16 16:12:05,2.71152380952,0.0435976927357,0.0160786686005
2019-05-16 16:12:10,2.71088095238,0.0435759928682,0.01607447676
2019-05-16 16:12:15,2.71013095238,0.0435841452011,0.0160819332965
2019-05-16 16:12:19,2.7023452381,0.0435700560495,0.016123053204
2019-05-16 16:12:24,2.70232142857,0.0435788611547,0.0161264536091
2019-05-16 16:12:28,2.70255952381,0.0435792266349,0.0161251681049
2019-05-16 16:12:33,2.70297619048,0.0435912257017,0.0161271215985
2019-05-16 16:12:38,2.70252380952,0.0435606690081,0.0161185144251
2019-05-16 16:12:42,2.70130952381,0.0435596537505,0.0161253841393
2019-05-16 16:12:47,2.70189285714,0.0435788676418,0.0161290139713
2019-05-16 16:12:51,2.70071428571,0.043566653829,0.0161315301139
2019-05-16 16:12:56,2.70067857143,0.0435734620662,0.0161342643761
2019-05-16 16:13:01,2.70046428571,0.0435786817717,0.016137477545
2019-05-16 16:13:05,2.69479761905,0.0436473009182,0.0161968752717
2019-05-16 16:13:10,2.69391666667,0.0436328813282,0.0161968192513
2019-05-16 16:13:14,2.69367857143,0.0436395377025,0.0162007220035
2019-05-16 16:13:19,2.69311904762,0.0436362340926,0.0162028611885
2019-05-16 16:13:23,2.6929047619,0.0436226339113,0.0161991001421
2019-05-16 16:13:28,2.69207142857,0.0436218529054,0.016203824476
2019-05-16 16:13:33,2.69495238095,0.043654856352,0.0161987486905
2019-05-16 16:13:37,2.6951547619,0.0436588164547,0.0161990016573
2019-05-16 16:13:42,2.69495238095,0.0436748244537,0.0162061581356
2019-05-16 16:13:46,2.69354761905,0.043651136748,0.0162058158687
2019-05-16 16:13:51,2.68080952381,0.0436418653228,0.0162793607435
2019-05-16 16:13:55,2.68076190476,0.0436357499134,0.0162773686973
2019-05-16 16:14:00,2.67988095238,0.0436636228336,0.0162931203324
2019-05-16 16:14:05,2.68044047619,0.0436650210907,0.0162902409058
2019-05-16 16:14:09,2.67958333333,0.0436271139611,0.0162813051635
2019-05-16 16:14:14,2.67904761905,0.043635548934,0.0162877093426
2019-05-16 16:14:18,2.6784047619,0.043618734471,0.0162853408459
2019-05-16 16:14:23,2.67791666667,0.0436313470632,0.0162930189749
2019-05-16 16:14:27,2.67772619048,0.0436386464814,0.0162969039316
2019-05-16 16:14:32,2.67769047619,0.0436559417944,0.0163035803363
2019-05-16 16:14:36,2.66808333333,0.0435922701357,0.0163384215144
2019-05-16 16:14:41,2.66791666667,0.0435826710069,0.0163358442006
2019-05-16 16:14:46,2.66820238095,0.0435782068018,0.0163324218256
2019-05-16 16:14:50,2.66748809524,0.0435842714165,0.0163390687645
2019-05-16 16:14:55,2.66826190476,0.0436046918288,0.0163419834279
2019-05-16 16:14:59,2.66785714286,0.0436038341259,0.0163441413055
2019-05-16 16:15:04,2.66773809524,0.0436107762399,0.0163474729089
2019-05-16 16:15:08,2.66776190476,0.04359126034,0.0163400115513
2019-05-16 16:15:13,2.66751190476,0.0436093186926,0.0163483126785
2019-05-16 16:15:17,2.66741666667,0.0435993290188,0.0163451513083
2019-05-16 16:15:22,2.6554047619,0.0436210582396,0.0164272727327
2019-05-16 16:15:26,2.65529761905,0.0436244605326,0.0164292169057
2019-05-16 16:15:31,2.65471428571,0.0436043427702,0.0164252488506
2019-05-16 16:15:36,2.65476190476,0.0436015296431,0.0164238945741
2019-05-16 16:15:40,2.65464285714,0.0436301451369,0.0164354105184
2019-05-16 16:15:45,2.6543452381,0.0436234793226,0.0164347420586
2019-05-16 16:15:49,2.65425,0.0436107805503,0.0164305474429
2019-05-16 16:15:54,2.65422619048,0.0436272881071,0.01643691418
2019-05-16 16:15:58,2.65405952381,0.0435940678014,0.016425429577
2019-05-16 16:16:03,2.65413095238,0.0436071860237,0.0164299300999
2019-05-16 16:16:07,2.64332142857,0.0436163849206,0.0165005982432
2019-05-16 16:16:12,2.643,0.043610935578,0.0165005431623
2019-05-16 16:16:16,2.64339285714,0.043594511485,0.0164918776137
2019-05-16 16:16:21,2.64317857143,0.0435917130197,0.0164921558804
2019-05-16 16:16:25,2.64254761905,0.0435871356644,0.0164943614829
2019-05-16 16:16:30,2.64261904762,0.0435947290419,0.0164967890779
2019-05-16 16:16:34,2.64198809524,0.0435843754433,0.0164968099296
2019-05-16 16:16:39,2.64217857143,0.0436033414834,0.0165027988475
2019-05-16 16:16:44,2.64219047619,0.0436101845645,0.016505314419
2019-05-16 16:16:48,2.64173809524,0.0436173881776,0.0165108676959
2019-05-16 16:16:52,2.63577380952,0.0435817610012,0.016534712062
2019-05-16 16:16:57,2.63561904762,0.0435657512312,0.0165296085831
2019-05-16 16:17:02,2.63595238095,0.0435519537641,0.016522283968
2019-05-16 16:17:06,2.63585714286,0.0435802375117,0.0165336113263
2019-05-16 16:17:11,2.63548809524,0.043565991352,0.0165305210184
2019-05-16 16:17:15,2.63528571429,0.0435572832997,0.0165284861006
2019-05-16 16:17:20,2.63517857143,0.0435671292195,0.0165328944656
2019-05-16 16:17:24,2.63447619048,0.0435624380425,0.0165355216343
2019-05-16 16:17:29,2.63436904762,0.0435882628082,0.0165459971706
2019-05-16 16:17:33,2.63413095238,0.0435666639982,0.0165392931429
2019-05-16 16:17:38,2.61803571429,0.0435996105695,0.016653558365
2019-05-16 16:17:42,2.61760714286,0.0435944418093,0.0166543103797
2019-05-16 16:17:47,2.61647619048,0.0435949075201,0.0166616870732
2019-05-16 16:17:51,2.61658333333,0.0435989564715,0.016662552236
2019-05-16 16:17:56,2.61636904762,0.0435886088208,0.0166599619654
2019-05-16 16:18:00,2.61602380952,0.0435818835744,0.0166595898003
2019-05-16 16:18:05,2.61610714286,0.0435898092901,0.0166620887104
2019-05-16 16:18:09,2.61596428571,0.0435990615209,0.0166665354565
2019-05-16 16:18:14,2.61692857143,0.0435879262213,0.0166561390698
2019-05-16 16:18:18,2.61657142857,0.0435855442048,0.016657502153
2019-05-16 16:18:23,2.60479761905,0.0435315681455,0.0167120730713
2019-05-16 16:18:27,2.60472619048,0.0435215286175,0.0167086770105
2019-05-16 16:18:32,2.60452380952,0.0435189228718,0.0167089748662
2019-05-16 16:18:36,2.60476190476,0.0435377251417,0.0167146659593
2019-05-16 16:18:41,2.60439285714,0.0435168464972,0.0167090177574
2019-05-16 16:18:45,2.60528571429,0.0435509402247,0.0167163777799
2019-05-16 16:18:49,2.60510714286,0.0435348881514,0.0167113618612
2019-05-16 16:18:54,2.60491666667,0.0435435543953,0.0167159107055
2019-05-16 16:18:58,2.60453571429,0.043547289551,0.0167197897545
2019-05-16 16:19:03,2.60396428571,0.0435488890478,0.0167240730938
2019-05-16 16:19:07,2.59672619048,0.0435699585792,0.0167788035331
2019-05-16 16:19:12,2.5966547619,0.0435957842451,0.016789210828
2019-05-16 16:19:16,2.59897619048,0.0436253548804,0.0167855923576
2019-05-16 16:19:21,2.59623809524,0.0436125548286,0.0167983648759
2019-05-16 16:19:25,2.59616666667,0.0436077550031,0.0167969782383
2019-05-16 16:19:30,2.59547619048,0.0435942299087,0.016796235723
2019-05-16 16:19:34,2.59389285714,0.0435786242565,0.0168004719765
2019-05-16 16:19:39,2.59471428571,0.0436019436684,0.0168041405978
2019-05-16 16:19:43,2.59511904762,0.0435994701402,0.016800566502
2019-05-16 16:19:48,2.59429761905,0.0435669635538,0.0167933560259
2019-05-16 16:19:52,2.58954761905,0.0436091815305,0.0168404632569
2019-05-16 16:19:56,2.59020238095,0.0436342945956,0.0168459016626
2019-05-16 16:20:01,2.58988095238,0.043623532423,0.0168438369273
2019-05-16 16:20:05,2.5898452381,0.0436246850989,0.0168445142811
2019-05-16 16:20:10,2.58953571429,0.043611787751,0.01684154712
2019-05-16 16:20:14,2.5891547619,0.0436190696708,0.016846837552
2019-05-16 16:20:19,2.58926190476,0.0436256038029,0.0168486639852
2019-05-16 16:20:23,2.58898809524,0.0436243437877,0.0168499592053
2019-05-16 16:20:28,2.58858333333,0.0436053066571,0.0168452396705
2019-05-16 16:20:32,2.58872619048,0.0436386500017,0.0168571902901
2019-05-16 16:20:37,2.57792857143,0.0436453893905,0.0169304106693
2019-05-16 16:20:41,2.57745238095,0.0436310457474,0.0169279735563
2019-05-16 16:20:45,2.57757142857,0.0436402986365,0.0169307814918
2019-05-16 16:20:50,2.578,0.043641714589,0.0169285161323
2019-05-16 16:20:54,2.57758333333,0.0436317344605,0.0169273807354
2019-05-16 16:20:59,2.57708333333,0.0436340860121,0.0169315774339
2019-05-16 16:21:03,2.5769047619,0.0436154071001,0.0169255021547
2019-05-16 16:21:08,2.57639285714,0.0436510465526,0.0169426981726
2019-05-16 16:21:12,2.57672619048,0.0436252631027,0.0169305001299
2019-05-16 16:21:17,2.5770952381,0.0436244348502,0.0169277542426
2019-05-16 16:21:21,2.56435714286,0.0435984803698,0.0170017193164
2019-05-16 16:21:26,2.56486904762,0.0436036358337,0.017000336089
2019-05-16 16:21:30,2.5650952381,0.0436109742445,0.0170016978695
2019-05-16 16:21:34,2.5649047619,0.043615415901,0.017004692162
2019-05-16 16:21:39,2.56553571429,0.0436183201027,0.0170016421365
2019-05-16 16:21:43,2.56522619048,0.0436292794916,0.0170079658681
2019-05-16 16:21:48,2.56530952381,0.0436167694981,0.0170025367673
2019-05-16 16:21:52,2.56538095238,0.0436075340795,0.0169984633428
2019-05-16 16:21:57,2.56497619048,0.0436130000229,0.0170032767496
2019-05-16 16:22:01,2.56514285714,0.0436131437697,0.0170022280234
2019-05-16 16:22:05,2.55755952381,0.0436465164318,0.0170656893908
2019-05-16 16:22:10,2.55745238095,0.0436519814682,0.0170685412535
2019-05-16 16:22:14,2.55698809524,0.0436216090578,0.0170597622801
2019-05-16 16:22:19,2.55704761905,0.0436551480629,0.0170724814578
2019-05-16 16:22:23,2.55694047619,0.0436439136238,0.017068803138
2019-05-16 16:22:28,2.55676190476,0.04362300835,0.0170618188064
2019-05-16 16:22:32,2.55680952381,0.0436142074599,0.0170580589026
2019-05-16 16:22:36,2.55691666667,0.0436506038978,0.0170715786192
2019-05-16 16:22:41,2.55778571429,0.0436255802667,0.0170559949659
2019-05-16 16:22:45,2.55820238095,0.0436478777301,0.0170619330414
2019-05-16 16:22:50,2.54970238095,0.0436339098659,0.017113334557
2019-05-16 16:22:54,2.54975,0.0436208557933,0.0171078952028
2019-05-16 16:22:59,2.54967857143,0.0436308203513,0.0171122826384
2019-05-16 16:23:03,2.55,0.0436134001499,0.0171032941764
2019-05-16 16:23:07,2.55102380952,0.0436255103129,0.0171011772411
2019-05-16 16:23:12,2.55127380952,0.0436257960424,0.017099613487
2019-05-16 16:23:16,2.55054761905,0.0436336154171,0.0171075478424
2019-05-16 16:23:21,2.55098809524,0.0436493663484,0.017110768345
2019-05-16 16:23:25,2.55158333333,0.0436299106702,0.0170991517699
2019-05-16 16:23:30,2.55166666667,0.0436346823235,0.0171004633534
2019-05-16 16:23:34,2.53601190476,0.0436208615862,0.0172005744548
2019-05-16 16:23:38,2.53597619048,0.043629538238,0.0172042381162
2019-05-16 16:23:43,2.53642857143,0.0436221430281,0.0171982540804
2019-05-16 16:23:47,2.53644047619,0.0436038522019,0.0171909621421
2019-05-16 16:23:52,2.53669047619,0.0436074538137,0.0171906877181
2019-05-16 16:23:56,2.53689285714,0.043605403817,0.017188508255
2019-05-16 16:24:00,2.53691666667,0.0435981775832,0.0171854985053
2019-05-16 16:24:05,2.53772619048,0.0436218603523,0.0171893486839
2019-05-16 16:24:09,2.53797619048,0.0436029243566,0.0171801944085
2019-05-16 16:24:14,2.53864285714,0.0436331896363,0.0171876045949
2019-05-16 16:24:18,2.52826190476,0.0436559459817,0.0172671770672
2019-05-16 16:24:22,2.52946428571,0.0436512643948,0.0172571182923
2019-05-16 16:24:27,2.52888095238,0.043650719197,0.0172608833784
2019-05-16 16:24:31,2.52958333333,0.0436778800556,0.0172668278922
2019-05-16 16:24:36,2.53019047619,0.0436856967475,0.0172657739244
2019-05-16 16:24:40,2.53048809524,0.0436746797152,0.0172593895215
2019-05-16 16:24:44,2.5303452381,0.0436466161868,0.0172492731544
2019-05-16 16:24:49,2.53101190476,0.0436589111674,0.0172495874418
2019-05-16 16:24:53,2.53066666667,0.0436453450994,0.0172465799919
2019-05-16 16:24:58,2.53052380952,0.0436563697148,0.0172519102766
2019-05-16 16:25:02,2.51445238095,0.0436253989847,0.0173498608743
2019-05-16 16:25:06,2.51445238095,0.0436309882026,0.0173520837114
2019-05-16 16:25:11,2.51404761905,0.0436437029294,0.017359934871
2019-05-16 16:25:15,2.5144047619,0.0436253589508,0.0173501735328
2019-05-16 16:25:20,2.51470238095,0.0436236124967,0.0173474256147
2019-05-16 16:25:24,2.51520238095,0.0436352973627,0.017348622796
2019-05-16 16:25:28,2.51544047619,0.0436391087077,0.0173484958681
2019-05-16 16:25:33,2.5153452381,0.0436276638263,0.0173446027072
2019-05-16 16:25:37,2.51473809524,0.0436478364265,0.0173568120311
2019-05-16 16:25:42,2.5150952381,0.0436491783369,0.017354880911
2019-05-16 16:25:46,2.5135,0.0436995985729,0.0173859552707
2019-05-16 16:25:50,2.51407142857,0.0436939196553,0.0173797447275
2019-05-16 16:25:55,2.51504761905,0.0437038918528,0.0173769639675
2019-05-16 16:25:59,2.51497619048,0.0436905704233,0.0173721606546
2019-05-16 16:26:03,2.515,0.0436909338617,0.0173721407005
2019-05-16 16:26:08,2.51527380952,0.0437191455477,0.0173814657403
2019-05-16 16:26:12,2.51567857143,0.0437121432867,0.0173758856887
2019-05-16 16:26:17,2.51617857143,0.0436904680859,0.0173638185231
2019-05-16 16:26:21,2.51583333333,0.0436688517453,0.0173576091733
2019-05-16 16:26:25,2.51626190476,0.0437074672397,0.0173699991869
2019-05-16 16:26:30,2.50907142857,0.0437075566477,0.0174198136211
2019-05-16 16:26:34,2.50895238095,0.043721470771,0.0174261859663
2019-05-16 16:26:39,2.50986904762,0.0436842632447,0.0174049970002
2019-05-16 16:26:43,2.51082142857,0.0437261738141,0.0174150870773
2019-05-16 16:26:47,2.51077380952,0.043695119185,0.0174030488207
2019-05-16 16:26:52,2.51041666667,0.0437153028335,0.0174135646142
2019-05-16 16:26:56,2.51069047619,0.0436978430098,0.017404711343
2019-05-16 16:27:01,2.51094047619,0.0437027050721,0.0174049148064
2019-05-16 16:27:05,2.51054761905,0.0437284778105,0.0174179041571
2019-05-16 16:27:09,2.5105952381,0.0437049318388,0.0174081951466
2019-05-16 16:27:14,2.49383333333,0.0437370069881,0.0175380633515
2019-05-16 16:27:18,2.49397619048,0.0437523380959,0.0175432060109
2019-05-16 16:27:22,2.49404761905,0.043740473417,0.017537946382
2019-05-16 16:27:27,2.4943452381,0.0437402632582,0.0175357695439
2019-05-16 16:27:31,2.49486904762,0.0437077234582,0.0175190451378
2019-05-16 16:27:36,2.4954047619,0.0436947900939,0.0175101012713
2019-05-16 16:27:40,2.49544047619,0.0437169730513,0.0175187400655
2019-05-16 16:27:44,2.49611904762,0.043742765776,0.0175243107166
2019-05-16 16:27:49,2.49647619048,0.043728898257,0.0175162488726
2019-05-16 16:27:53,2.49708333333,0.0437065016809,0.0175030208634
2019-05-16 16:27:57,2.48932142857,0.043774357039,0.0175848552688
2019-05-16 16:28:02,2.4889047619,0.0437604057025,0.0175821937313
2019-05-16 16:28:06,2.48967857143,0.0437395536761,0.0175683536734
2019-05-16 16:28:11,2.49091666667,0.0437691429387,0.0175715002932
2019-05-16 16:28:15,2.4908452381,0.0437510801897,0.0175647525268
2019-05-16 16:28:19,2.49151190476,0.0437848235656,0.0175735959687
2019-05-16 16:28:24,2.49145238095,0.0437603265953,0.0175641834176
2019-05-16 16:28:28,2.49357142857,0.0437765421795,0.0175557602553
2019-05-16 16:28:32,2.4935952381,0.0437798919548,0.0175569359798
2019-05-16 16:28:37,2.49398809524,0.0437708903521,0.0175505610615
2019-05-16 16:28:41,2.48554761905,0.0438473676899,0.0176409284432
2019-05-16 16:28:46,2.48566666667,0.0438525293911,0.0176421601412
2019-05-16 16:28:50,2.48636904762,0.0438177160534,0.0176231746833
2019-05-16 16:28:54,2.48745238095,0.043844290638,0.0176261829066
2019-05-16 16:28:59,2.48792857143,0.0438469316508,0.0176238707792
2019-05-16 16:29:03,2.48771428571,0.0438424363842,0.0176235818703
2019-05-16 16:29:07,2.48817857143,0.0438438066241,0.0176208440694
2019-05-16 16:29:12,2.48842857143,0.0438268463679,0.017612258142
2019-05-16 16:29:16,2.48864285714,0.0438288774348,0.0176115577649
2019-05-16 16:29:21,2.48863095238,0.043845720104,0.0176184098579
2019-05-16 16:29:25,2.47845238095,0.043805986148,0.0176747338317
2019-05-16 16:29:29,2.47897619048,0.043836817666,0.0176834363454
2019-05-16 16:29:34,2.47861904762,0.0438049667847,0.0176731340892
2019-05-16 16:29:38,2.47933333333,0.043831267915,0.0176786506783
2019-05-16 16:29:42,2.48017857143,0.0438451463018,0.0176782215631
2019-05-16 16:29:47,2.48166666667,0.0438261758039,0.0176599768182
2019-05-16 16:29:51,2.48201190476,0.0438328762435,0.017660219985
2019-05-16 16:29:55,2.48222619048,0.0438140515801,0.0176511116304
2019-05-16 16:30:00,2.48275,0.0438269678877,0.0176525900263
2019-05-16 16:30:04,2.48255952381,0.0438347389234,0.0176570746856
2019-05-16 16:30:09,2.47478571429,0.0438511702649,0.0177191786795
2019-05-16 16:30:13,2.475,0.0438596522183,0.0177210716034
2019-05-16 16:30:17,2.47528571429,0.0438681546037,0.0177224610276
2019-05-16 16:30:22,2.47548809524,0.0438475632388,0.0177126940433
2019-05-16 16:30:26,2.47489285714,0.043833730922,0.0177113650781
2019-05-16 16:30:30,2.47498809524,0.0438751519084,0.0177274193734
2019-05-16 16:30:35,2.47602380952,0.0438840941211,0.0177236155615
2019-05-16 16:30:39,2.47613095238,0.043834565241,0.0177028461273
2019-05-16 16:30:44,2.47670238095,0.0438529193359,0.0177061723981
2019-05-16 16:30:48,2.47620238095,0.0438600609998,0.0177126317853
2019-05-16 16:30:52,2.46629761905,0.0438769171749,0.0177906011164
2019-05-16 16:30:57,2.46644047619,0.04386011311,0.0177827575947
2019-05-16 16:31:01,2.46703571429,0.0438567754239,0.0177771141171
2019-05-16 16:31:05,2.46736904762,0.0438815501289,0.0177847534285
2019-05-16 16:31:10,2.46738095238,0.0438642210881,0.0177776443665
2019-05-16 16:31:14,2.46771428571,0.0438885686248,0.0177851094346
2019-05-16 16:31:18,2.4678452381,0.043863531684,0.0177740204316
2019-05-16 16:31:23,2.46777380952,0.0438493836708,0.0177688017847
2019-05-16 16:31:27,2.4680952381,0.0438439123332,0.0177642708662
2019-05-16 16:31:32,2.46845238095,0.0438901382398,0.0177804273554
2019-05-16 16:31:36,2.46088095238,0.0438233325043,0.017807985576
2019-05-16 16:31:40,2.46097619048,0.0438207049545,0.0178062287332
2019-05-16 16:31:45,2.46094047619,0.0438106422759,0.0178023981887
2019-05-16 16:31:49,2.46147619048,0.0438114620142,0.0177988567119
2019-05-16 16:31:53,2.46178571429,0.0438261665879,0.0178025919695
2019-05-16 16:31:58,2.46283333333,0.0438239215229,0.0177941076766
2019-05-16 16:32:02,2.46345238095,0.0438098091155,0.0177839074359
2019-05-16 16:32:06,2.46339285714,0.043828657918,0.0177919887163
2019-05-16 16:32:11,2.46336904762,0.043815795616,0.0177869392564
2019-05-16 16:32:15,2.46396428571,0.0438371584778,0.017791312452
2019-05-16 16:32:19,2.44845238095,0.0438466428914,0.0179079010205
2019-05-16 16:32:24,2.44845238095,0.043879109409,0.0179211610364
2019-05-16 16:32:28,2.44891666667,0.0438512507793,0.0179063874962
2019-05-16 16:32:33,2.44810714286,0.0438650667569,0.0179179521962
2019-05-16 16:32:37,2.44783333333,0.0438413549659,0.0179102696123
2019-05-16 16:32:41,2.44770238095,0.0438524038238,0.017915741785
2019-05-16 16:32:46,2.4480952381,0.0438491302417,0.0179115295677
2019-05-16 16:32:50,2.44808333333,0.0438534992661,0.017913401341
2019-05-16 16:32:54,2.4475952381,0.0438483855291,0.0179148843104
2019-05-16 16:32:59,2.44771428571,0.0438486650545,0.0179141271963
2019-05-16 16:33:03,2.44395238095,0.0439345266653,0.0179768341673
2019-05-16 16:33:07,2.44370238095,0.0439383348912,0.0179802316492
2019-05-16 16:33:11,2.44345238095,0.0439340049132,0.0179802992093
2019-05-16 16:33:16,2.44369047619,0.043942005462,0.0179818213027
2019-05-16 16:33:20,2.44354761905,0.0439310537354,0.017978390678
2019-05-16 16:33:25,2.44403571429,0.0439117230432,0.0179668909037
2019-05-16 16:33:29,2.44452380952,0.0439182194484,0.0179659610094
2019-05-16 16:33:33,2.44405952381,0.0439294700713,0.0179739771652
2019-05-16 16:33:38,2.44428571429,0.0439139773659,0.0179659755442
2019-05-16 16:33:42,2.44522619048,0.0439448099871,0.0179716748325
2019-05-16 16:33:46,2.4384047619,0.043989603641,0.0180403205933
2019-05-16 16:33:51,2.43861904762,0.0439995831617,0.0180428276424
2019-05-16 16:33:55,2.43864285714,0.0440069360937,0.0180456666563
2019-05-16 16:33:59,2.43888095238,0.0440327693146,0.0180544971954
2019-05-16 16:34:04,2.43876190476,0.0439683215448,0.018028952092
2019-05-16 16:34:08,2.43857142857,0.0440126116674,0.0180485226521
2019-05-16 16:34:12,2.43863095238,0.0439704099984,0.0180307766353
2019-05-16 16:34:17,2.4391547619,0.0439872831867,0.0180338221558
2019-05-16 16:34:21,2.43910714286,0.0439771015928,0.0180299999209
2019-05-16 16:34:25,2.43886904762,0.0439981062431,0.0180403725596
2019-05-16 16:34:30,2.4301547619,0.0439917370055,0.0181024425667
2019-05-16 16:34:34,2.43117857143,0.0440081630683,0.0181015757483
2019-05-16 16:34:38,2.43061904762,0.044007216175,0.0181053531272
2019-05-16 16:34:43,2.4305952381,0.0440066481482,0.0181052967843
2019-05-16 16:34:47,2.43041666667,0.0440046808865,0.0181058176115
2019-05-16 16:34:51,2.43091666667,0.044017271734,0.0181072730043
2019-05-16 16:34:56,2.43133333333,0.0439997932972,0.0180969810655
2019-05-16 16:35:00,2.43126190476,0.0439699966629,0.0180852571156
2019-05-16 16:35:04,2.43128571429,0.0439852603134,0.018091358023
2019-05-16 16:35:09,2.43105952381,0.0439762231847,0.0180893239158
2019-05-16 16:35:13,2.42904761905,0.0440824725645,0.0181480479093
2019-05-16 16:35:17,2.42844047619,0.044078475137,0.0181509390776
2019-05-16 16:35:21,2.42869047619,0.0440750803062,0.0181476728872
2019-05-16 16:35:26,2.42914285714,0.0441072010507,0.0181575163112
2019-05-16 16:35:30,2.42945238095,0.0441053078692,0.0181544236944
2019-05-16 16:35:35,2.42917857143,0.0440877562239,0.0181492446634
2019-05-16 16:35:39,2.42930952381,0.0441002010453,0.0181533891063
2019-05-16 16:35:43,2.42929761905,0.0440906015237,0.0181495265043
2019-05-16 16:35:48,2.4305952381,0.0441110615391,0.0181482547352
2019-05-16 16:35:52,2.43141666667,0.0441055866999,0.0181398718305
2019-05-16 16:35:56,2.41252380952,0.0440146836062,0.0182442483811
2019-05-16 16:36:00,2.4130952381,0.0440144369939,0.0182398258879
2019-05-16 16:36:05,2.41295238095,0.0440238629863,0.0182448121785
2019-05-16 16:36:09,2.41372619048,0.0440029043877,0.0182302800381
2019-05-16 16:36:13,2.41201190476,0.0439938569519,0.0182394858272
2019-05-16 16:36:18,2.41371428571,0.0439997255806,0.0182290529749
2019-05-16 16:36:22,2.41296428571,0.043989102895,0.0182303166091
2019-05-16 16:36:26,2.41288095238,0.0439859153278,0.0182296251642
2019-05-16 16:36:31,2.41348809524,0.043993777808,0.0182282970008
2019-05-16 16:36:35,2.41588095238,0.044044500071,0.0182312377717
2019-05-16 16:36:39,2.41008333333,0.0440484638168,0.0182767389026
2019-05-16 16:36:44,2.41183333333,0.0440686458704,0.0182718454303
2019-05-16 16:36:48,2.41170238095,0.0440555103926,0.01826739101
2019-05-16 16:36:52,2.41096428571,0.0440906949586,0.0182875769748
2019-05-16 16:36:57,2.41023809524,0.0440291536286,0.0182675536146
2019-05-16 16:37:01,2.41113095238,0.0440855361279,0.0182841732774
2019-05-16 16:37:05,2.41027380952,0.0440679644824,0.0182833851939
2019-05-16 16:37:09,2.41013095238,0.0440810439817,0.0182898957993
2019-05-16 16:37:14,2.40872619048,0.0440406078868,0.0182837750762
2019-05-16 16:37:18,2.40851190476,0.0440657951418,0.0182958593871
2019-05-16 16:37:22,2.39688095238,0.0440678693129,0.0183855060758
2019-05-16 16:37:27,2.39703571429,0.0440695708009,0.0183850288664
2019-05-16 16:37:31,2.39695238095,0.0440913360211,0.0183947484195
2019-05-16 16:37:35,2.39627380952,0.0440838533448,0.018396834773
2019-05-16 16:37:40,2.39542857143,0.0440625767939,0.0183944440337
2019-05-16 16:37:44,2.39542857143,0.0440482751765,0.0183884736543
2019-05-16 16:37:48,2.39467857143,0.0440724262923,0.0184043181486
2019-05-16 16:37:52,2.39529761905,0.0440732264196,0.0183998957245
2019-05-16 16:37:57,2.39445238095,0.0440741453471,0.0184067746336
2019-05-16 16:38:01,2.3946547619,0.0440589907837,0.0183988905142
2019-05-16 16:38:05,2.39183333333,0.0441228584473,0.0184472964033
2019-05-16 16:38:10,2.39205952381,0.0441315175286,0.0184491719747
2019-05-16 16:38:14,2.39172619048,0.0441185330233,0.0184463142976
2019-05-16 16:38:18,2.39198809524,0.0441066729602,0.0184393363195
2019-05-16 16:38:22,2.39169047619,0.0441180604733,0.0184463921701
2019-05-16 16:38:27,2.39113095238,0.0441050071218,0.0184452495493
2019-05-16 16:38:31,2.39080952381,0.0441013483008,0.0184461990224
2019-05-16 16:38:35,2.39069047619,0.0441293252228,0.0184588200197
2019-05-16 16:38:40,2.38997619048,0.0441169032855,0.0184591392422
2019-05-16 16:38:44,2.38977380952,0.0441261453551,0.018464569818
2019-05-16 16:38:48,2.38210714286,0.0440963651581,0.0185114952912
2019-05-16 16:38:52,2.38214285714,0.0440886033474,0.0185079594262
2019-05-16 16:38:57,2.38236904762,0.04410383371,0.0185125951641
2019-05-16 16:39:01,2.38071428571,0.0440927464198,0.0185208055769
2019-05-16 16:39:05,2.38091666667,0.0440938551575,0.0185196969616
2019-05-16 16:39:10,2.38089285714,0.0440988109508,0.0185219636484
2019-05-16 16:39:14,2.38122619048,0.0441106979521,0.0185243628382
2019-05-16 16:39:18,2.38045238095,0.0440968500464,0.0185245671786
2019-05-16 16:39:22,2.38122619048,0.0440970833208,0.0185186453505
2019-05-16 16:39:27,2.38141666667,0.0441207627684,0.0185271075768
2019-05-16 16:39:31,2.38044047619,0.0442212951473,0.0185769380035
2019-05-16 16:39:35,2.38001190476,0.0442145344697,0.0185774425671
2019-05-16 16:39:39,2.37967857143,0.0442121672051,0.0185790500179
2019-05-16 16:39:44,2.38007142857,0.0441946911117,0.0185686406639
2019-05-16 16:39:48,2.37980952381,0.0441884324606,0.0185680542995
2019-05-16 16:39:52,2.37911904762,0.0442171360814,0.0185855079954
2019-05-16 16:39:57,2.37928571429,0.0442148011351,0.0185832247341
2019-05-16 16:40:01,2.37905952381,0.0442099319932,0.0185829448783
2019-05-16 16:40:05,2.37879761905,0.0441802841479,0.0185725274795
2019-05-16 16:40:09,2.37835714286,0.0442344389337,0.0185987369755
2019-05-16 16:40:14,2.37771428571,0.0443395681673,0.0186479798829
2019-05-16 16:40:18,2.37773809524,0.0443108038025,0.0186356957864
2019-05-16 16:40:22,2.37692857143,0.0443141803042,0.0186434631806
2019-05-16 16:40:26,2.37627380952,0.0442910487116,0.0186388658302
2019-05-16 16:40:31,2.37830952381,0.044312816607,0.0186320645666
2019-05-16 16:40:35,2.37788095238,0.0443303320429,0.0186427886554
2019-05-16 16:40:39,2.37755952381,0.0443223507691,0.0186419521048
2019-05-16 16:40:43,2.37744047619,0.0443372557857,0.0186491549335
2019-05-16 16:40:48,2.37696428571,0.0443207839973,0.018645961264
2019-05-16 16:40:52,2.37671428571,0.044320663689,0.0186478719615
2019-05-16 16:40:56,2.36498809524,0.0442894693033,0.0187271425985
2019-05-16 16:41:01,2.36536904762,0.0442832947107,0.0187215161014
2019-05-16 16:41:05,2.36446428571,0.0442912062609,0.018732025909
2019-05-16 16:41:09,2.36401190476,0.044294070348,0.0187368220349
2019-05-16 16:41:13,2.36441666667,0.0442317404353,0.0187072528539
2019-05-16 16:41:17,2.36441666667,0.0442119474469,0.0186988816608
2019-05-16 16:41:22,2.36377380952,0.0442094804327,0.0187029233739
2019-05-16 16:41:26,2.36348809524,0.0442058706131,0.0187036569815
2019-05-16 16:41:30,2.36154761905,0.0441706060822,0.0187040929118
2019-05-16 16:41:35,2.36203571429,0.0442032561947,0.0187140507348
2019-05-16 16:41:39,2.35228571429,0.0441967077169,0.0187888348122
2019-05-16 16:41:43,2.3525,0.0442054877309,0.018790855571
2019-05-16 16:41:47,2.35228571429,0.0442026590251,0.018791364823
2019-05-16 16:41:52,2.35228571429,0.0441971867093,0.0187890384407
2019-05-16 16:41:56,2.35202380952,0.0441798469408,0.0187837583794
2019-05-16 16:42:00,2.35171428571,0.0441962325629,0.0187931981497
2019-05-16 16:42:04,2.35167857143,0.0442058862997,0.0187975885977
2019-05-16 16:42:08,2.35132142857,0.0442033944787,0.0187993840151
2019-05-16 16:42:13,2.35107142857,0.0441823956755,0.0187924514494
2019-05-16 16:42:17,2.35126190476,0.0442137642001,0.0188042702136
2019-05-16 16:42:21,2.34541666667,0.0441921571624,0.0188419216894
2019-05-16 16:42:25,2.34479761905,0.044188921962,0.0188455163904
2019-05-16 16:42:30,2.34363095238,0.0441543290902,0.0188401373712
2019-05-16 16:42:34,2.3436547619,0.0441709799544,0.018847050629
2019-05-16 16:42:38,2.3436547619,0.0441781274716,0.0188501003602
2019-05-16 16:42:42,2.34297619048,0.0441764283368,0.0188548345119
2019-05-16 16:42:47,2.34310714286,0.0441922943455,0.0188605521008
2019-05-16 16:42:51,2.34313095238,0.0441705125336,0.0188510644224
2019-05-16 16:42:55,2.3430952381,0.0441711148435,0.0188516088144
2019-05-16 16:42:59,2.34327380952,0.0442071055666,0.0188655313719
2019-05-16 16:43:03,2.33935714286,0.0441819215239,0.0188863516025
2019-05-16 16:43:08,2.34027380952,0.0442233088144,0.0188966387755
2019-05-16 16:43:12,2.33878571429,0.0441918923083,0.01889522928
2019-05-16 16:43:16,2.33905952381,0.0442051988009,0.0188987062325
2019-05-16 16:43:20,2.33957142857,0.044197028297,0.0188910788349
2019-05-16 16:43:25,2.33971428571,0.0442323661318,0.0189050288755
2019-05-16 16:43:29,2.33901190476,0.044206563246,0.0188996743266
2019-05-16 16:43:33,2.33895238095,0.0442024851201,0.0188984117334
2019-05-16 16:43:37,2.33848809524,0.0442065520297,0.0189039029618
2019-05-16 16:43:42,2.33935714286,0.0442327435727,0.0189080763952
2019-05-16 16:43:46,2.32994047619,0.0442505699086,0.0189921460916
2019-05-16 16:43:50,2.32941666667,0.0442687360955,0.0190042154025
2019-05-16 16:43:54,2.32935714286,0.0442210065957,0.0189842106142
2019-05-16 16:43:58,2.3285,0.0442409414619,0.0189997601296
2019-05-16 16:44:03,2.3288452381,0.0442568645039,0.0190037808352
2019-05-16 16:44:07,2.32842857143,0.0442363357404,0.0189983649416
2019-05-16 16:44:11,2.32839285714,0.0442492383052,0.0190041977536
2019-05-16 16:44:15,2.32848809524,0.0442649582655,0.0190101716028
2019-05-16 16:44:19,2.32905952381,0.044246295824,0.0189974946418
2019-05-16 16:44:24,2.32835714286,0.0442346678623,0.0189982314346
2019-05-16 16:44:28,2.32791666667,0.0442430066538,0.0190054082637
2019-05-16 16:44:32,2.32752380952,0.0442581973569,0.0190151426919
2019-05-16 16:44:36,2.32833333333,0.0442495859181,0.0190048328925
2019-05-16 16:44:40,2.32794047619,0.0442654462584,0.0190148531336
2019-05-16 16:44:45,2.32855952381,0.0442692898648,0.0190114486712
2019-05-16 16:44:49,2.32842857143,0.0442624068434,0.0190095618077
2019-05-16 16:44:53,2.32870238095,0.0442470813539,0.0190007455293
2019-05-16 16:44:57,2.32791666667,0.0442595030784,0.0190124946104
2019-05-16 16:45:02,2.32819047619,0.0442491457701,0.0190058099724
2019-05-16 16:45:06,2.32779761905,0.044254491072,0.0190113138315
2019-05-16 16:45:10,2.31761904762,0.044321263429,0.019123618903
2019-05-16 16:45:14,2.31744047619,0.0443195544864,0.0191243550554
2019-05-16 16:45:18,2.31703571429,0.0443029710249,0.0191205386916
2019-05-16 16:45:23,2.31692857143,0.0443239128069,0.0191304614883
2019-05-16 16:45:27,2.31726190476,0.0443096900216,0.0191215718562
2019-05-16 16:45:31,2.31685714286,0.0443381732241,0.019137206349
2019-05-16 16:45:35,2.31673809524,0.0443133365823,0.0191274692092
2019-05-16 16:45:39,2.31626190476,0.044315767478,0.0191324510354
2019-05-16 16:45:43,2.31628571429,0.0443204528772,0.0191342771766
2019-05-16 16:45:48,2.31575,0.0443389669605,0.0191466984608
2019-05-16 16:45:52,2.25652380952,0.0435758991126,0.0193110743741
2019-05-16 16:45:56,2.26441666667,0.0437220141643,0.0193082902135
2019-05-16 16:46:00,2.279,0.0439279018626,0.0192750776054
2019-05-16 16:46:04,2.27208333333,0.0438194524838,0.0192860234662
2019-05-16 16:46:08,2.26558333333,0.0437290734649,0.0193014632574
2019-05-16 16:46:13,2.2594047619,0.0436392853277,0.019314505335
2019-05-16 16:46:17,2.25264285714,0.0435421080902,0.0193293437316
2019-05-16 16:46:21,2.26442857143,0.043735615816,0.0193141953638
2019-05-16 16:46:25,2.26176190476,0.0437179104164,0.0193291390771
2019-05-16 16:46:29,2.25561904762,0.0436213287827,0.0193389609955
2019-05-16 16:46:33,2.18289285714,0.0426061676279,0.0195182129478
2019-05-16 16:46:37,2.1741547619,0.0424647419679,0.0195316095763
2019-05-16 16:46:41,2.17008333333,0.042391906334,0.0195346905268
2019-05-16 16:46:45,2.17997619048,0.0425593475852,0.0195228497316
2019-05-16 16:46:50,2.18826190476,0.0426848914813,0.0195062992178
2019-05-16 16:46:54,2.15423809524,0.0421594127441,0.0195704517701
2019-05-16 16:46:58,2.15441666667,0.0421739421529,0.0195755736601
2019-05-16 16:47:02,2.181,0.0425467726425,0.0195079195976
2019-05-16 16:47:06,2.17380952381,0.0424569637424,0.0195311333755
2019-05-16 16:47:10,2.19008333333,0.0427171536558,0.0195048074225
2019-05-16 16:47:14,2.27792857143,0.0441958521427,0.0194017726004
2019-05-16 16:47:18,2.27347619048,0.0441229246178,0.0194076915354
2019-05-16 16:47:22,2.26621428571,0.0439870072784,0.0194099064487
2019-05-16 16:47:26,2.25638095238,0.0438790119257,0.0194466328389
2019-05-16 16:47:31,2.27766666667,0.0441731323651,0.0193940285519
2019-05-16 16:47:35,2.28976190476,0.0443592905346,0.0193728834611
2019-05-16 16:47:39,2.28613095238,0.0443413722046,0.0193958146442
2019-05-16 16:47:43,2.29489285714,0.0444630684137,0.0193747905377
2019-05-16 16:47:47,2.29857142857,0.0445211099857,0.019369034798
2019-05-16 16:47:51,2.29780952381,0.0445085644688,0.0193699973856
2019-05-16 16:47:55,2.00772619048,0.040209472892,0.0200273688129
2019-05-16 16:47:59,1.98913095238,0.0399233170647,0.0200707334109
2019-05-16 16:48:03,2.01477380952,0.0403403963377,0.0200222953798
2019-05-16 16:48:07,1.9839047619,0.0398608448061,0.0200921160993
2019-05-16 16:48:11,1.99569047619,0.040030930195,0.0200586867916
2019-05-16 16:48:15,2.00727380952,0.0402301629213,0.0200421899247
2019-05-16 16:48:19,2.00002380952,0.0401276784573,0.0200636003763
2019-05-16 16:48:22,1.99595238095,0.0400345829915,0.0200578848341
2019-05-16 16:48:26,1.99010714286,0.0399547692209,0.020076692536
2019-05-16 16:48:30,1.99425,0.0400344557684,0.0200749433463
2019-05-16 16:48:34,1.81189285714,0.0372994748479,0.0205859163807
2019-05-16 16:48:37,1.81407142857,0.0373312804609,0.0205787268753
2019-05-16 16:48:41,1.82022619048,0.0374351157813,0.0205661889589
2019-05-16 16:48:45,1.8103452381,0.0372772017783,0.0205912115512
2019-05-16 16:48:49,1.81447619048,0.037333209778,0.0205751995942
2019-05-16 16:48:52,1.81323809524,0.0373139578722,0.0205786311077
2019-05-16 16:48:56,1.80604761905,0.0372222595067,0.0206097885317
2019-05-16 16:49:00,1.80666666667,0.03724593821,0.0206158329576
2019-05-16 16:49:03,1.80895238095,0.0372776104617,0.0206072922948
2019-05-16 16:49:07,1.81376190476,0.0373360629457,0.0205848754722
2019-05-16 16:49:11,1.86439285714,0.0383126064433,0.0205496423656
2019-05-16 16:49:14,1.85178571429,0.038101389179,0.0205754849954
2019-05-16 16:49:18,1.85961904762,0.0382410747579,0.020563929374
2019-05-16 16:49:22,1.88282142857,0.0386088478996,0.0205058468709
2019-05-16 16:49:26,1.93461904762,0.0393778286001,0.0203543062643
2019-05-16 16:49:30,1.91833333333,0.0391512653946,0.0204090002057
2019-05-16 16:49:33,1.90691666667,0.038973394787,0.0204379118754
2019-05-16 16:49:37,1.86098809524,0.038268437347,0.0205635046484
2019-05-16 16:49:41,1.84763095238,0.0380614081641,0.0206001139541
2019-05-16 16:49:44,1.8533452381,0.0381534454818,0.0205862592126
2019-05-16 16:49:48,1.95463095238,0.0397968275477,0.0203602769614
2019-05-16 16:49:52,1.93805952381,0.0395143137315,0.0203885965555
2019-05-16 16:49:56,1.93930952381,0.0395554707269,0.0203966773954
2019-05-16 16:50:00,1.94078571429,0.0395658515159,0.0203865121351
2019-05-16 16:50:04,1.96463095238,0.039945523819,0.0203323294742
2019-05-16 16:50:07,1.94975,0.0397082483919,0.0203658153055
2019-05-16 16:50:11,1.95185714286,0.0397572799921,0.0203689497142
2019-05-16 16:50:15,1.94601190476,0.0396588125817,0.0203795323578
2019-05-16 16:50:19,1.96746428571,0.0399901985714,0.020325755777
2019-05-16 16:50:23,1.94029761905,0.0395650216251,0.0203912127896
2019-05-16 16:50:27,2.02504761905,0.0409913226548,0.0202421524656
2019-05-16 16:50:30,2.01007142857,0.0407353210857,0.0202656087275
2019-05-16 16:50:34,2.00526190476,0.0406802666367,0.0202867598193
2019-05-16 16:50:38,2.0044047619,0.0406717700707,0.0202911960916
2019-05-16 16:50:42,1.99738095238,0.0405657783664,0.0203094849373
2019-05-16 16:50:46,1.99672619048,0.0405374404058,0.0203019525657
2019-05-16 16:50:50,1.98757142857,0.0403990202773,0.0203258205952
2019-05-16 16:50:54,2.00007142857,0.0405848614363,0.0202917060144
2019-05-16 16:50:58,1.99519047619,0.0405081160138,0.0203028816032
2019-05-16 16:51:01,2.01071428571,0.0407566966002,0.0202697602985
2019-05-16 16:51:05,2.11353571429,0.0424791073453,0.020098599261
2019-05-16 16:51:09,2.10680952381,0.0423630139909,0.0201076620891
2019-05-16 16:51:13,2.1156547619,0.0425215296208,0.0200985200357
2019-05-16 16:51:17,2.1304047619,0.0427321672349,0.0200582386967
2019-05-16 16:51:21,2.12178571429,0.0425976312447,0.0200763116454
2019-05-16 16:51:25,2.17648809524,0.0434775812183,0.0199760252828
2019-05-16 16:51:29,2.17896428571,0.0435178710017,0.0199718147227
2019-05-16 16:51:34,2.14605952381,0.0430117341569,0.0200421906661
2019-05-16 16:51:37,2.09063095238,0.0421210925454,0.0201475504309
2019-05-16 16:51:41,2.12535714286,0.0426525893243,0.0200684338948
2019-05-16 16:51:45,1.963,0.0401927220485,0.0204751513237
2019-05-16 16:51:49,1.92673809524,0.03962809793,0.020567454408
2019-05-16 16:51:53,1.93511904762,0.0397444506331,0.0205385041722
2019-05-16 16:51:57,1.92536904762,0.0396092362549,0.0205722826509
2019-05-16 16:52:01,1.94926190476,0.0399806675624,0.0205106699437
2019-05-16 16:52:04,1.9606547619,0.0401464015671,0.020476017679
2019-05-16 16:52:08,1.96003571429,0.0401246978022,0.0204714115716
2019-05-16 16:52:12,1.97325,0.0403624418093,0.0204548039069
2019-05-16 16:52:16,1.93594047619,0.0397529738271,0.0205341922006
2019-05-16 16:52:20,1.968,0.0402648261204,0.0204597693701
2019-05-16 16:52:24,2.01378571429,0.0410609289521,0.0203899196726
2019-05-16 16:52:27,2.01530952381,0.0410682249314,0.0203781227877
2019-05-16 16:52:31,2.0135952381,0.0410551416784,0.0203889743588
2019-05-16 16:52:35,1.99130952381,0.0406863766492,0.0204319700994
2019-05-16 16:52:39,2.00776190476,0.0409630754535,0.0204023571502
2019-05-16 16:52:43,1.98871428571,0.0406549635232,0.0204428377748
2019-05-16 16:52:47,2.00244047619,0.0408733497238,0.0204117676454
2019-05-16 16:52:51,2.00910714286,0.040973465245,0.0203938676892
2019-05-16 16:52:55,2.00435714286,0.0408879584436,0.0203995373725
2019-05-16 16:52:59,2.03146428571,0.0413112141822,0.0203356832176
2019-05-16 16:53:03,2.12219047619,0.0429275308189,0.0202279349099
2019-05-16 16:53:07,2.17864285714,0.043818237977,0.0201126301327
2019-05-16 16:53:11,2.17167857143,0.043707441512,0.0201261098613
2019-05-16 16:53:15,2.19577380952,0.0440784337527,0.0200742141843
2019-05-16 16:53:19,2.1475,0.0433212988185,0.0201728981693
2019-05-16 16:53:23,2.06663095238,0.04205475114,0.0203494247928
2019-05-16 16:53:27,2.07851190476,0.0422259210308,0.0203154578687
2019-05-16 16:53:31,2.05336904762,0.0418276763834,0.0203702673087
2019-05-16 16:53:34,2.07101190476,0.0421106376472,0.0203333633913
2019-05-16 16:53:38,2.02886904762,0.0414358912506,0.0204231472205
2019-05-16 16:53:42,2.02821428571,0.0415301777448,0.0204762278016
2019-05-16 16:53:46,2.03447619048,0.0416354436097,0.0204649451316
2019-05-16 16:53:50,2.03083333333,0.0415765587906,0.0204726592321
2019-05-16 16:53:54,2.01035714286,0.0412459334366,0.0205167194213
2019-05-16 16:53:58,1.97714285714,0.040712411734,0.0205915377267
2019-05-16 16:54:02,2.02211904762,0.0414215779704,0.0204842430119
2019-05-16 16:54:06,2.02919047619,0.0415387599105,0.0204706065783
2019-05-16 16:54:10,2.04601190476,0.0417839148069,0.0204221269239
2019-05-16 16:54:13,2.03091666667,0.0415495484423,0.0204585196056
2019-05-16 16:54:17,2.03466666667,0.0416010444675,0.0204461227724
2019-05-16 16:54:21,1.89219047619,0.0395121873826,0.0208817177128
2019-05-16 16:54:25,1.88552380952,0.0394067326808,0.0208996208278
2019-05-16 16:54:29,1.8936547619,0.03953031315,0.0208751425789
2019-05-16 16:54:33,1.89497619048,0.0395538135268,0.0208729870727
2019-05-16 16:54:36,1.8893452381,0.0394683162868,0.0208899440351
2019-05-16 16:54:40,1.89894047619,0.0396139368329,0.0208610734931
2019-05-16 16:54:44,1.88426190476,0.0393778198368,0.0208982730783
2019-05-16 16:54:48,1.91083333333,0.0397845079918,0.0208205013476
2019-05-16 16:54:51,1.95030952381,0.0404005163026,0.0207149254051
2019-05-16 16:54:55,1.93736904762,0.0401963443219,0.0207479026112
2019-05-16 16:54:59,1.84502380952,0.0388023539306,0.0210308147409
2019-05-16 16:55:03,1.85585714286,0.0389745516102,0.0210008360612
2019-05-16 16:55:06,1.83486904762,0.0386616735342,0.02107053557
2019-05-16 16:55:10,1.85179761905,0.038900864906,0.0210070822567
2019-05-16 16:55:14,1.84307142857,0.0387793017291,0.0210405853664
2019-05-16 16:55:18,1.85239285714,0.0389362595462,0.0210194394758
2019-05-16 16:55:21,1.83378571429,0.0386421335875,0.0210723277461
2019-05-16 16:55:25,1.8349047619,0.0386498308521,0.0210636713439
2019-05-16 16:55:29,1.85405952381,0.038952798215,0.0210094647528
2019-05-16 16:55:32,1.826,0.0385105240708,0.0210901008055
2019-05-16 16:55:37,2.11979761905,0.0433132020118,0.0204327062275
2019-05-16 16:55:40,2.12602380952,0.0434118790883,0.0204192817097
2019-05-16 16:55:45,2.13142857143,0.0434806825516,0.020399784039
2019-05-16 16:55:48,2.15526190476,0.0438461717769,0.0203437789533
2019-05-16 16:55:53,2.17429761905,0.0441526954451,0.0203066475621
2019-05-16 16:55:57,2.15796428571,0.0438919002685,0.0203394933637
2019-05-16 16:56:01,2.16351190476,0.0440007245209,0.0203376391986
2019-05-16 16:56:05,2.13966666667,0.0436306798466,0.0203913443745
2019-05-16 16:56:09,2.16211904762,0.0439596591559,0.0203317477843
2019-05-16 16:56:13,2.15039285714,0.0437510712706,0.0203456178369
2019-05-16 16:56:17,1.98335714286,0.0411943833771,0.0207700279929
2019-05-16 16:56:21,2.01188095238,0.0416702495368,0.0207120851199
2019-05-16 16:56:24,1.96222619048,0.0408750789603,0.0208309720657
2019-05-16 16:56:28,1.95641666667,0.0407587802959,0.0208333843145
2019-05-16 16:56:32,1.9586547619,0.040816967813,0.0208392865383
2019-05-16 16:56:36,1.95230952381,0.0407335827393,0.0208643057069
2019-05-16 16:56:40,1.94598809524,0.0406236025311,0.0208755658015
2019-05-16 16:56:44,1.95297619048,0.0407220425231,0.0208512744403
2019-05-16 16:56:47,1.95082142857,0.0407058700372,0.0208660154338
2019-05-16 16:56:51,1.94858333333,0.0406684930686,0.0208708000181
2019-05-16 16:56:55,1.91535714286,0.0402738939743,0.0210268325803
2019-05-16 16:56:59,1.92872619048,0.0404748816093,0.0209852916444
2019-05-16 16:57:03,1.92070238095,0.0403577729454,0.0210119867324
2019-05-16 16:57:06,1.9205952381,0.0403457005742,0.0210068731682
2019-05-16 16:57:10,1.93113095238,0.0404986197828,0.0209714518494
2019-05-16 16:57:14,1.93528571429,0.0405768743567,0.0209668650252
2019-05-16 16:57:18,1.92371428571,0.0403668464699,0.0209838055316
2019-05-16 16:57:22,1.88454761905,0.0397368482743,0.0210856164486
2019-05-16 16:57:25,1.90801190476,0.0401009252766,0.0210171253002
2019-05-16 16:57:29,1.85422619048,0.0392657332119,0.0211763448352
2019-05-16 16:57:33,1.92789285714,0.0405550196385,0.0210359302324
2019-05-16 16:57:37,1.92366666667,0.0404667528843,0.02103626038
2019-05-16 16:57:41,1.92378571429,0.040465011486,0.0210340534216
2019-05-16 16:57:44,1.93775,0.0406835082409,0.0209952306752
2019-05-16 16:57:48,1.93261904762,0.0406117748898,0.0210138541995
2019-05-16 16:57:52,1.91601190476,0.0403439781118,0.0210562251788
2019-05-16 16:57:56,1.918,0.0403764787826,0.0210513445165
2019-05-16 16:58:00,1.91838095238,0.040394950817,0.0210567931082
2019-05-16 16:58:03,1.95167857143,0.0409294170615,0.0209713923495
2019-05-16 16:58:07,1.91054761905,0.0402360165916,0.0210599391455
2019-05-16 16:58:11,2.05432142857,0.0426632929104,0.0207675840387
2019-05-16 16:58:15,2.04945238095,0.0425692305592,0.0207710269118
2019-05-16 16:58:19,2.05155952381,0.0425895366864,0.0207595910292
2019-05-16 16:58:23,2.0753452381,0.042993430769,0.0207162789013
2019-05-16 16:58:27,2.05426190476,0.0426597078757,0.0207664406261
2019-05-16 16:58:31,2.07046428571,0.0428897858776,0.0207150570882
2019-05-16 16:58:35,2.0748452381,0.0429683493387,0.0207091828102
2019-05-16 16:58:39,2.13038095238,0.0438563477624,0.0205861527787
2019-05-16 16:58:43,2.07985714286,0.0430604608341,0.0207035665801
2019-05-16 16:58:47,2.06782142857,0.0428364420396,0.0207157356277
2019-05-16 16:58:51,2.02378571429,0.0422830332418,0.0208930386964
2019-05-16 16:58:55,2.02036904762,0.0422231437624,0.0208987282854
2019-05-16 16:58:58,2.01139285714,0.0420507614413,0.0209062895356
2019-05-16 16:59:02,2.01648809524,0.0421344115312,0.020894946829
2019-05-16 16:59:06,2.00705952381,0.0420008867833,0.0209265775554
2019-05-16 16:59:10,2.01876190476,0.0421798677728,0.020893928934
2019-05-16 16:59:14,2.00135714286,0.0418927288588,0.0209321604634
2019-05-16 16:59:18,2.00966666667,0.0420094023637,0.0209036667924
2019-05-16 16:59:22,2.01014285714,0.0420350395936,0.0209114687766
2019-05-16 16:59:26,2.01355952381,0.0420810721545,0.0208988468714
2019-05-16 16:59:30,1.94276190476,0.0410239279415,0.0211162921411
2019-05-16 16:59:33,1.94525,0.041064838394,0.0211103140439
2019-05-16 16:59:37,1.9570952381,0.0412446158583,0.0210744040737
2019-05-16 16:59:41,1.96201190476,0.0413396276042,0.0210700187414
2019-05-16 16:59:45,1.96770238095,0.0414432655829,0.0210617550622
2019-05-16 16:59:49,1.9881547619,0.0417608174177,0.0210048122097
2019-05-16 16:59:53,2.05333333333,0.0428108366841,0.02084943345
2019-05-16 16:59:57,2.00548809524,0.0420228014402,0.0209539022146
2019-05-16 17:00:01,2.02872619048,0.0424155888546,0.0209074980417
2019-05-16 17:00:05,2.02839285714,0.0424281052126,0.0209171044274
2019-05-16 17:00:09,2.07326190476,0.0432953265975,0.0208827097522
2019-05-16 17:00:12,2.0825,0.0434340797008,0.0208567009368
2019-05-16 17:00:16,2.07521428571,0.0433260337239,0.0208778601912
2019-05-16 17:00:20,2.07435714286,0.0433103974746,0.0208789492319
2019-05-16 17:00:24,2.06878571429,0.0432080315148,0.0208856969654
2019-05-16 17:00:28,2.07389285714,0.0432740259984,0.020866085656
2019-05-16 17:00:32,2.06929761905,0.0432304468577,0.0208913625859
2019-05-16 17:00:36,2.0666547619,0.0431708156454,0.0208892246742
2019-05-16 17:00:40,2.08053571429,0.0433898961961,0.0208551556689
2019-05-16 17:00:44,2.08194047619,0.0434245492955,0.0208577285432
2019-05-16 17:00:48,2.03403571429,0.0427645232922,0.0210244702155
2019-05-16 17:00:52,2.01283333333,0.0424221625633,0.0210758446121
2019-05-16 17:00:56,2.02653571429,0.0426314164482,0.0210365976517
2019-05-16 17:01:00,2.01022619048,0.042380459671,0.0210824333459
2019-05-16 17:01:04,2.01076190476,0.0423774769583,0.0210753331152
2019-05-16 17:01:08,2.01521428571,0.0424540544514,0.0210667693021
2019-05-16 17:01:12,2.02754761905,0.0426390500728,0.0210298636995
2019-05-16 17:01:15,2.01239285714,0.0423920558496,0.0210654970768
2019-05-16 17:01:19,2.0385952381,0.0428098663101,0.0209996891537
2019-05-16 17:01:23,2.0211547619,0.0425278014674,0.0210413384808
2019-05-16 17:01:27,2.10078571429,0.0438901968787,0.0208922769135
2019-05-16 17:01:31,2.10705952381,0.043975008144,0.0208703207703
2019-05-16 17:01:35,2.08705952381,0.0436401752724,0.0209098853073
2019-05-16 17:01:39,2.10246428571,0.0439034368496,0.0208818942362
2019-05-16 17:01:43,2.09880952381,0.0438488727956,0.0208922593013
2019-05-16 17:01:47,2.07151190476,0.0433934253983,0.0209477074684
2019-05-16 17:01:51,2.08172619048,0.0435496737765,0.0209199816843
2019-05-16 17:01:55,2.08563095238,0.0435958667212,0.0209029630441
2019-05-16 17:01:59,2.08697619048,0.0436343880077,0.0209079472046
2019-05-16 17:02:03,2.0676547619,0.0433334408662,0.0209577738337
2019-05-16 17:02:07,1.87873809524,0.0404100656573,0.0215091532767
2019-05-16 17:02:11,1.85497619048,0.0399907897582,0.0215586539404
2019-05-16 17:02:14,1.8625,0.0401287906742,0.0215456594224
2019-05-16 17:02:18,1.88589285714,0.0405116284357,0.021481405098
2019-05-16 17:02:22,1.87607142857,0.0403605975938,0.0215133587022
2019-05-16 17:02:26,1.86742857143,0.0402077778056,0.0215310927661
2019-05-16 17:02:30,1.9014047619,0.0407601912976,0.0214368829374
2019-05-16 17:02:33,1.88504761905,0.0404845449617,0.0214766696356
2019-05-16 17:02:37,1.87810714286,0.0403670073088,0.0214934528428
2019-05-16 17:02:41,1.87492857143,0.0403236542315,0.0215067682289
2019-05-16 17:02:45,2.02919047619,0.0429635227007,0.0211727401665
2019-05-16 17:02:49,2.00585714286,0.0425861600449,0.0212309038042
2019-05-16 17:02:53,1.99572619048,0.0424098767096,0.0212503483253
2019-05-16 17:02:56,1.97569047619,0.0420768491939,0.0212972880625
2019-05-16 17:03:00,2.00430952381,0.042553557622,0.0212310309942
2019-05-16 17:03:04,1.98852380952,0.0422845029482,0.0212642678683
2019-05-16 17:03:08,2.01117857143,0.0426504278525,0.0212066837119
2019-05-16 17:03:12,1.96520238095,0.0418925678981,0.0213171774592
2019-05-16 17:03:16,1.97982142857,0.0421322458865,0.0212808313308
2019-05-16 17:03:20,1.98651190476,0.0422671875875,0.021277087485
2019-05-16 17:03:24,2.08116666667,0.0439440214021,0.0211150899666
2019-05-16 17:03:28,2.04758333333,0.0433895075116,0.0211905942021
2019-05-16 17:03:32,2.05704761905,0.0435364806675,0.0211645468313
2019-05-16 17:03:35,2.07696428571,0.0438521281313,0.0211135686988
2019-05-16 17:03:39,2.00638095238,0.0426819117685,0.0212730846143
2019-05-16 17:03:43,1.94745238095,0.0417232385583,0.0214245231187
2019-05-16 17:03:47,1.89754761905,0.0408946408734,0.0215513120529
2019-05-16 17:03:51,1.91671428571,0.0412052906411,0.0214978783996
2019-05-16 17:03:55,1.88716666667,0.0407296858156,0.0215824529625
2019-05-16 17:03:58,1.90489285714,0.0410144471221,0.0215311044757
2019-05-16 17:04:02,1.85822619048,0.0403118323217,0.0216937165821
2019-05-16 17:04:06,1.86514285714,0.0404303232144,0.0216767970665
2019-05-16 17:04:10,1.86704761905,0.0404703192639,0.0216761044823
2019-05-16 17:04:13,1.87226190476,0.040547332487,0.0216568698983
2019-05-16 17:04:17,1.86966666667,0.0404926855618,0.0216577030996
2019-05-16 17:04:21,1.86577380952,0.0404286282014,0.0216685581044
2019-05-16 17:04:25,1.85907142857,0.0403363679173,0.0216970511716
2019-05-16 17:04:28,1.86325,0.0404001799548,0.0216826405232
2019-05-16 17:04:32,1.85696428571,0.0402852327551,0.021694134381
2019-05-16 17:04:36,1.86244047619,0.0403750790502,0.02167858762
2019-05-16 17:04:40,1.94908333333,0.0418414655038,0.0214672532407
2019-05-16 17:04:44,1.97241666667,0.0422334047157,0.0214120096577
2019-05-16 17:04:48,1.93185714286,0.0415630018939,0.0215145317797
2019-05-16 17:04:51,1.96420238095,0.0420709750329,0.0214188596047
2019-05-16 17:04:55,1.97352380952,0.0422313710716,0.0213989671003
2019-05-16 17:04:59,2.04457142857,0.0433697841025,0.0212121638288
2019-05-16 17:05:03,1.93241666667,0.0414569906507,0.0214534429173
2019-05-16 17:05:07,1.92572619048,0.0413365490416,0.0214654343105
2019-05-16 17:05:11,1.97342857143,0.0421067088447,0.0213368294421
2019-05-16 17:05:15,1.97321428571,0.0420861750824,0.0213287403132
2019-05-16 17:05:18,1.86713095238,0.0405459084019,0.0217156211514
2019-05-16 17:05:22,1.83082142857,0.0399337304196,0.0218119199374
2019-05-16 17:05:26,1.90423809524,0.0411616628316,0.0216158173364
2019-05-16 17:05:30,1.89691666667,0.0410260043793,0.0216277315183
2019-05-16 17:05:33,1.90347619048,0.0411296931697,0.0216076740941
2019-05-16 17:05:37,1.89936904762,0.0410682522079,0.0216220498377
2019-05-16 17:05:41,1.90772619048,0.0412126497131,0.0216030213973
2019-05-16 17:05:45,1.88792857143,0.0408766075072,0.0216515646438
2019-05-16 17:05:49,1.91579761905,0.0413331373148,0.0215748975277
2019-05-16 17:05:52,1.91366666667,0.041297889786,0.0215805032848
2019-05-16 17:05:56,2.05166666667,0.0437315918583,0.0213151544395
2019-05-16 17:06:00,2.01510714286,0.0431205001274,0.0213986141036
2019-05-16 17:06:04,2.03322619048,0.0434155373665,0.0213530287824
2019-05-16 17:06:08,2.01001190476,0.0430046965535,0.0213952447006
2019-05-16 17:06:12,2.01592857143,0.0431073759555,0.0213833845933
2019-05-16 17:06:16,2.03825,0.0434910539293,0.0213374482665
2019-05-16 17:06:20,2.02633333333,0.0432881864623,0.0213628161518
2019-05-16 17:06:24,2.01202380952,0.0430357347825,0.0213892770945
2019-05-16 17:06:28,2.07320238095,0.0440639427399,0.0212540479139
2019-05-16 17:06:32,2.06763095238,0.043948440807,0.0212554570033
2019-05-16 17:06:35,1.89335714286,0.041199189056,0.0217598614247
2019-05-16 17:06:39,1.90153571429,0.0413498076027,0.0217454803989
2019-05-16 17:06:43,1.88472619048,0.0410839488424,0.0217983646909
2019-05-16 17:06:47,1.84536904762,0.0404070862258,0.0218964798818
2019-05-16 17:06:51,1.87922619048,0.0409719003036,0.0218025379336
2019-05-16 17:06:54,1.89539285714,0.0412734133229,0.0217756509778
2019-05-16 17:06:58,1.84760714286,0.0404430419792,0.0218894163381
2019-05-16 17:07:02,1.81422619048,0.0398967040746,0.021991030823
2019-05-16 17:07:06,1.85628571429,0.0406063358444,0.0218750462453
2019-05-16 17:07:09,1.86148809524,0.0406925444362,0.0218602227649
2019-05-16 17:07:13,1.7988452381,0.0397258712388,0.0220840961732
2019-05-16 17:07:17,1.79876190476,0.0397470927316,0.0220969171219
2019-05-16 17:07:20,1.79075,0.0396033905224,0.0221155328898
2019-05-16 17:07:24,1.7954047619,0.0396631051397,0.0220914559108
2019-05-16 17:07:28,1.79953571429,0.039750327424,0.02208921285
2019-05-16 17:07:32,1.79551190476,0.0396888248184,0.022104462083
2019-05-16 17:07:35,1.79839285714,0.0397273923235,0.0220904971713
2019-05-16 17:07:39,1.79891666667,0.0397398194133,0.0220909729448
2019-05-16 17:07:43,1.7974047619,0.0397131226683,0.0220947020449
2019-05-16 17:07:46,1.79701190476,0.0397230164667,0.0221050380142
2019-05-16 17:07:50,1.97489285714,0.0427787864858,0.0216613201729
2019-05-16 17:07:54,1.91329761905,0.0417648753092,0.0218287394984
2019-05-16 17:07:58,1.96755952381,0.042686257056,0.0216950270319
2019-05-16 17:08:02,2.01691666667,0.0435026768603,0.0215689014719
2019-05-16 17:08:06,1.99242857143,0.0430923439944,0.0216280496136
2019-05-16 17:08:10,2.0393452381,0.0438991778761,0.0215261138997
2019-05-16 17:08:14,2.04569047619,0.0440067837073,0.0215119463181
2019-05-16 17:08:17,1.951,0.0424311935148,0.0217484333751
2019-05-16 17:08:21,2.00848809524,0.0433745835173,0.0215956388391
2019-05-16 17:08:25,2.03176190476,0.0437859281899,0.021550718166
2019-05-16 17:08:29,2.09879761905,0.0450176475181,0.0214492560452
2019-05-16 17:08:33,2.10575,0.0451328850538,0.0214331639814
2019-05-16 17:08:37,2.11067857143,0.0452328464502,0.0214304759912
2019-05-16 17:08:41,2.09930952381,0.0450445894524,0.0214568594776
2019-05-16 17:08:45,2.12775,0.0455176605405,0.0213923912774
2019-05-16 17:08:49,2.11757142857,0.0453469708204,0.0214146121394
2019-05-16 17:08:53,2.11261904762,0.0452694154791,0.0214281015454
2019-05-16 17:08:57,2.09471428571,0.0449692312988,0.021467954654
2019-05-16 17:09:01,2.10545238095,0.0451734413897,0.0214554562233
2019-05-16 17:09:05,2.10733333333,0.0451915871098,0.021444916376
2019-05-16 17:09:09,1.76401190476,0.0394564987403,0.0223674787193
2019-05-16 17:09:12,1.75917857143,0.0393944886566,0.0223936837888
2019-05-16 17:09:16,1.75307142857,0.0392997958631,0.02241768089
2019-05-16 17:09:20,1.76005952381,0.0394234065612,0.0223989052801
2019-05-16 17:09:23,1.75682142857,0.0393592530248,0.0224036731251
2019-05-16 17:09:27,1.7540952381,0.0393149799469,0.0224132527659
2019-05-16 17:09:31,1.75329761905,0.0393027833981,0.0224164927683
2019-05-16 17:09:34,1.76267857143,0.039474672565,0.0223947083744
2019-05-16 17:09:38,1.75723809524,0.0393717758225,0.022405487298
2019-05-16 17:09:42,1.76177380952,0.0394579991746,0.0223967452355
2019-05-16 17:09:45,1.83182142857,0.0407752062387,0.0222593783448
2019-05-16 17:09:49,1.81426190476,0.0404773584017,0.0223106478152
2019-05-16 17:09:53,1.81797619048,0.0405510924304,0.0223056234965
2019-05-16 17:09:57,1.81679761905,0.0405300711418,0.0223085228189
2019-05-16 17:10:00,1.82521428571,0.0406853676709,0.022290734841
2019-05-16 17:10:04,1.83770238095,0.0408749556871,0.0222424240784
2019-05-16 17:10:08,1.83269047619,0.0408058440975,0.0222655405414
2019-05-16 17:10:11,1.82339285714,0.040647794556,0.0222923954083
2019-05-16 17:10:15,1.82389285714,0.0406588950103,0.0222923703282
2019-05-16 17:10:19,1.81517857143,0.0405008556187,0.0223123257713
2019-05-16 17:10:23,2.05567857143,0.0446420154626,0.0217164376197
2019-05-16 17:10:27,2.05813095238,0.04471666141,0.0217268300437
2019-05-16 17:10:31,2.0023452381,0.0437659606722,0.0218573499912
2019-05-16 17:10:35,2.01938095238,0.0440346590662,0.0218060188269
2019-05-16 17:10:38,1.95872619048,0.043015657648,0.0219610366457
2019-05-16 17:10:42,1.91239285714,0.0422188707778,0.0220764633272
2019-05-16 17:10:46,2.07779761905,0.0450302530606,0.0216721073543
2019-05-16 17:10:50,2.05242857143,0.044588676536,0.0217248371791
2019-05-16 17:10:54,2.08636904762,0.0451698498612,0.0216499808184
2019-05-16 17:10:58,2.08086904762,0.0450973451803,0.0216723609935
2019-05-16 17:11:02,1.9156547619,0.0424114488148,0.0221394009287
2019-05-16 17:11:06,1.88594047619,0.0419122972156,0.0222235525165
2019-05-16 17:11:09,1.78357142857,0.0401886753084,0.0225326974096
2019-05-16 17:11:13,1.78538095238,0.0402079472084,0.0225206542922
2019-05-16 17:11:17,1.78047619048,0.0401341216322,0.0225412290526
2019-05-16 17:11:20,1.77425,0.0400436314153,0.0225693286827
2019-05-16 17:11:24,1.78598809524,0.0402300170076,0.0225253556364
2019-05-16 17:11:28,1.77791666667,0.0400796793836,0.0225430584769
2019-05-16 17:11:31,1.78889285714,0.0402822256709,0.0225179643991
2019-05-16 17:11:35,1.78551190476,0.0402202148925,0.0225258732721
2019-05-16 17:11:39,1.79538095238,0.0404274068021,0.0225174533285
2019-05-16 17:11:42,1.80095238095,0.0405077484783,0.0224924039673
2019-05-16 17:11:46,1.82988095238,0.0410254540492,0.0224197393802
2019-05-16 17:11:50,1.82430952381,0.0409011162344,0.0224200530122
2019-05-16 17:11:53,1.8103452381,0.0406777476812,0.0224696079097
2019-05-16 17:11:57,1.79602380952,0.0404348100846,0.0225135156172
2019-05-16 17:12:01,1.85025,0.0413813488561,0.0223652743446
2019-05-16 17:12:05,1.90297619048,0.0422916823103,0.0222239681831
2019-05-16 17:12:08,1.83653571429,0.0411521137161,0.0224074671655
2019-05-16 17:12:12,1.81051190476,0.0407185729479,0.0224900884887
2019-05-16 17:12:16,1.81146428571,0.0408260956046,0.0225376210431
2019-05-16 17:12:19,1.81060714286,0.0408202209407,0.0225450457885
2019-05-16 17:12:23,1.80496428571,0.0407079555751,0.0225533302222
2019-05-16 17:12:27,1.81869047619,0.0409416981184,0.0225116360669
2019-05-16 17:12:31,1.82394047619,0.0410579527775,0.0225105771342
2019-05-16 17:12:34,1.82119047619,0.0410123528308,0.0225195295972
2019-05-16 17:12:38,1.82891666667,0.0411337826217,0.022490791063
2019-05-16 17:12:42,1.80403571429,0.0406988203087,0.0225598750548
2019-05-16 17:12:45,1.79902380952,0.0406140700441,0.0225756156361
2019-05-16 17:12:49,1.81369047619,0.0408828814624,0.022541267101
2019-05-16 17:12:53,1.9881547619,0.0439988940008,0.0221305176256
2019-05-16 17:12:57,1.98782142857,0.0439541037064,0.0221116962896
2019-05-16 17:13:01,2.00052380952,0.0442015341282,0.0220949802836
2019-05-16 17:13:05,2.01763095238,0.0444857055499,0.0220484848814
2019-05-16 17:13:09,2.00713095238,0.0442856284728,0.0220641450526
2019-05-16 17:13:12,1.995,0.0441076668973,0.0221091062142
2019-05-16 17:13:16,1.99480952381,0.0440863896486,0.0221005510162
2019-05-16 17:13:20,1.91913095238,0.0427742379683,0.0222883372889
2019-05-16 17:13:24,1.95846428571,0.0434800519432,0.0222010951439
2019-05-16 17:13:28,1.90511904762,0.0425670542419,0.0223435140681
2019-05-16 17:13:32,1.88330952381,0.0422596217624,0.0224390208981
2019-05-16 17:13:35,1.90635714286,0.0426627530616,0.022379202775
2019-05-16 17:13:39,1.8933452381,0.0424482430611,0.0224197057182
2019-05-16 17:13:43,1.8909047619,0.0424026121859,0.0224245097057
2019-05-16 17:13:47,1.89172619048,0.0424096626838,0.0224184995151
2019-05-16 17:13:50,1.85333333333,0.041742243329,0.0225227931631
2019-05-16 17:13:54,1.82954761905,0.0413394369547,0.0225954419138
2019-05-16 17:13:58,1.81429761905,0.0410741381391,0.0226391401873
2019-05-16 17:14:02,1.82283333333,0.0412209738678,0.0226136822901
2019-05-16 17:14:05,1.8416547619,0.041538789365,0.0225551445495
2019-05-16 17:14:09,1.83458333333,0.0414627625616,0.0226006427771
2019-05-16 17:14:13,1.81620238095,0.0411664026795,0.0226661979475
2019-05-16 17:14:16,1.85327380952,0.0418001698437,0.0225547728721
2019-05-16 17:14:20,1.79911904762,0.0408564078452,0.0227091186096
2019-05-16 17:14:24,1.89073809524,0.0424455100167,0.0224491748083
2019-05-16 17:14:28,1.8598452381,0.0418908466544,0.0225238346699
2019-05-16 17:14:31,1.83392857143,0.0414741642788,0.0226149289154
2019-05-16 17:14:35,1.81648809524,0.0411845704183,0.0226726343686
2019-05-16 17:14:39,1.8529047619,0.0417880400562,0.0225527187988
2019-05-16 17:14:43,1.8133452381,0.0411095072608,0.0226705353162
2019-05-16 17:14:46,1.7890952381,0.0408290810884,0.0228210775027
2019-05-16 17:14:50,1.8005952381,0.0410590876639,0.0228030635621
2019-05-16 17:14:54,1.78933333333,0.0408503904569,0.0228299499573
2019-05-16 17:14:57,1.7878452381,0.0408047681345,0.0228234341905
2019-05-16 17:15:01,1.8026547619,0.041089639228,0.022793959274
2019-05-16 17:15:05,1.79352380952,0.0409353087866,0.0228239561523
2019-05-16 17:15:08,1.79196428571,0.0409136958132,0.0228317585006
2019-05-16 17:15:12,1.7979047619,0.0409929464958,0.0228003993117
2019-05-16 17:15:16,1.78598809524,0.0407897238114,0.0228387433937
2019-05-16 17:15:19,1.79473809524,0.0409408240167,0.0228115868969
2019-05-16 17:15:23,2.0260952381,0.0451272017515,0.0222729913693
2019-05-16 17:15:27,2.00538095238,0.0447581460835,0.0223190242384
2019-05-16 17:15:31,2.02136904762,0.0450567280229,0.0222902037982
2019-05-16 17:15:35,2.00378571429,0.0447400110481,0.0223277422976
2019-05-16 17:15:39,2.02442857143,0.0450976226338,0.0222767171291
2019-05-16 17:15:43,2.01786904762,0.0449878532437,0.022294733792
2019-05-16 17:15:46,1.9995952381,0.0446596846658,0.0223343623824
2019-05-16 17:15:50,1.99675,0.0446278190164,0.0223502286297
2019-05-16 17:15:54,2.01241666667,0.0449029648433,0.0223129561522
2019-05-16 17:15:58,2.02004761905,0.045027704084,0.0222904171463
2019-05-16 17:16:02,1.92679761905,0.043457647109,0.0225543392204
2019-05-16 17:16:06,1.92572619048,0.043444244062,0.0225599279258
2019-05-16 17:16:10,1.94723809524,0.0438310914678,0.022509364199
2019-05-16 17:16:13,1.94114285714,0.0437093012743,0.0225173026877
2019-05-16 17:16:17,1.92708333333,0.0434796748395,0.0225624258627
2019-05-16 17:16:21,1.92914285714,0.0435123080977,0.0225552544938
2019-05-16 17:16:25,1.90423809524,0.0430674177883,0.0226166139077
2019-05-16 17:16:29,1.92641666667,0.0434611148716,0.0225605994921
2019-05-16 17:16:32,1.87952380952,0.0426810730557,0.022708450321
2019-05-16 17:16:36,1.9475952381,0.0438529907592,0.0225164807869
2019-05-16 17:16:40,1.85371428571,0.042281938285,0.022809307028
2019-05-16 17:16:44,1.88583333333,0.0428308542445,0.0227118979644
2019-05-16 17:16:48,1.84503571429,0.0421261527628,0.0228321611537
2019-05-16 17:16:51,1.87152380952,0.0426038972984,0.0227642828168
2019-05-16 17:16:55,1.87245238095,0.0425928762885,0.0227471078687
2019-05-16 17:16:59,1.87303571429,0.0426348235305,0.0227624188932
2019-05-16 17:17:03,1.87246428571,0.0426089280276,0.0227555357679
2019-05-16 17:17:06,1.87522619048,0.0426526529531,0.022745337693
2019-05-16 17:17:10,1.8450952381,0.0421257087075,0.0228311839073
2019-05-16 17:17:14,1.86286904762,0.0424345477904,0.0227791362171
2019-05-16 17:17:18,1.94705952381,0.0441406085522,0.0226703950303
2019-05-16 17:17:21,1.95101190476,0.0441959423824,0.0226528307052
2019-05-16 17:17:25,1.94435714286,0.0440885058847,0.0226751068067
2019-05-16 17:17:29,1.95025,0.0441814896868,0.0226542698048
2019-05-16 17:17:33,1.93526190476,0.0439281849016,0.0226988320256
2019-05-16 17:17:37,1.95917857143,0.044347836657,0.0226359339081
2019-05-16 17:17:41,1.94854761905,0.0441601715626,0.0226631215634
2019-05-16 17:17:44,1.95633333333,0.0442865887798,0.0226375475105
2019-05-16 17:17:48,1.95270238095,0.0442208394094,0.0226459699342
2019-05-16 17:17:52,1.94338095238,0.0440758535207,0.0226799863746
2019-05-16 17:17:56,1.93898809524,0.0440491356111,0.0227175895093
2019-05-16 17:18:00,1.93925,0.0440559286696,0.0227180243236
2019-05-16 17:18:04,1.92992857143,0.0438865047209,0.0227399632145
2019-05-16 17:18:07,1.95460714286,0.0443330778063,0.0226813239521
2019-05-16 17:18:11,1.93964285714,0.0440732819193,0.0227223696141
2019-05-16 17:18:15,1.9495,0.0442542848599,0.0227003256527
2019-05-16 17:18:19,1.93725,0.0440407599858,0.0227336482053
2019-05-16 17:18:23,1.94696428571,0.0442083778171,0.0227063116368
2019-05-16 17:18:27,1.94901190476,0.0442568913003,0.0227073478577
2019-05-16 17:18:30,1.95067857143,0.044264772398,0.0226919868021
2019-05-16 17:18:34,1.78496428571,0.0412553299073,0.0231126920787
2019-05-16 17:18:38,1.80016666667,0.0416221421881,0.0231212714682
2019-05-16 17:18:41,1.81251190476,0.0419312533826,0.0231343326752
2019-05-16 17:18:45,1.81888095238,0.042050441628,0.0231188531459
2019-05-16 17:18:49,1.80305952381,0.0417714645505,0.0231669914381
2019-05-16 17:18:52,1.82757142857,0.04221078187,0.0230966523169
2019-05-16 17:18:56,1.81166666667,0.0419174602514,0.0231375125583
2019-05-16 17:19:00,1.82260714286,0.0421036530654,0.0231007835289
2019-05-16 17:19:04,1.83728571429,0.0423922193919,0.0230732863497
2019-05-16 17:19:07,1.86310714286,0.0428471153564,0.0229976657653
